intersection,approach,left_pct,straight_pct,right_pct,source,label
Gariahat,A,12,88,,Maitra et al. 2004 Table 4,counted
Gariahat,B,27,73,,Maitra et al. 2004 Table 4,counted
Gariahat,C,15,85,,Maitra et al. 2004 Table 4,counted
Gariahat,D,12,70,18,Maitra et al. 2004 Table 4,counted
Phari,A,21,42,37,Maitra et al. 2004 Table 4,counted
Phari,B,27,73,,Maitra et al. 2004 Table 4,counted
Phari,C,24,70,6,Maitra et al. 2004 Table 4,counted
Phari,D,41,15,44,Maitra et al. 2004 Table 4,counted
Phari,E,18,45,37,Maitra et al. 2004 Table 4,counted
