date,weekday,day_type,rain_mm_08_20,wet_hours_08_20,rain_mm_24h,rain_mm_08_20_A_lingampally,rain_mm_08_20_M_gachibowli,rain_mm_08_20_B_lakdikapul,rain_class,trip_min,trip_median_min,planning_time_index,tomtom_job,min_A_lingampally-j01,min_j01-j02,min_j02-j03,min_j03-j04,min_j04-j05,min_j05-j06,min_j06-j07,min_j07-j08,min_j08-j09,min_j09-j10,min_j10-j11,min_j11-B_lakdikapul,rain_label,trip_label
2026-07-01,Wed,weekday,1.63,1,3.87,1.4,1.9,1.6,light,61.98,49.54,2.08,10051327,9.53,13.75,4.27,3.06,2.67,2.93,4.71,4.25,1.29,8.11,2.43,4.97,"measured (ERA5-based reanalysis, mean of 3 points)","measured (TomTom Traffic Stats, 08:00-20:00 average)"
2026-07-02,Thu,weekday,3.37,2,7.13,3.7,3.1,3.3,wet,63.41,49.67,2.17,10051328,8.99,13.28,4.76,5.23,3.25,2.88,4.67,3.71,1.2,7.57,2.45,5.42,"measured (ERA5-based reanalysis, mean of 3 points)","measured (TomTom Traffic Stats, 08:00-20:00 average)"
2026-07-03,Fri,weekday,4.33,2,7.93,5.5,3.8,3.7,wet,58.58,47.23,2.1,10051329,8.55,13.0,3.51,3.6,2.74,2.81,4.46,4.26,1.51,6.83,2.44,4.85,"measured (ERA5-based reanalysis, mean of 3 points)","measured (TomTom Traffic Stats, 08:00-20:00 average)"
2026-07-04,Sat,saturday,7.33,7,12.37,8.7,7.1,6.2,wet,61.23,48.93,2.19,10051330,10.7,12.42,3.32,2.85,2.01,2.61,4.46,4.45,1.54,7.36,2.54,6.97,"measured (ERA5-based reanalysis, mean of 3 points)","measured (TomTom Traffic Stats, 08:00-20:00 average)"
2026-07-05,Sun,sunday,1.87,2,3.33,2.1,2.0,1.5,light,48.63,42.01,1.82,10051331,7.67,11.2,3.02,2.44,1.74,2.46,3.94,2.8,1.03,5.92,2.3,4.12,"measured (ERA5-based reanalysis, mean of 3 points)","measured (TomTom Traffic Stats, 08:00-20:00 average)"
2026-07-06,Mon,weekday,1.33,1,2.0,1.5,1.3,1.2,light,63.76,49.7,2.22,10051332,9.23,15.52,4.23,2.93,2.39,2.92,4.71,4.17,1.5,7.61,2.49,6.06,"measured (ERA5-based reanalysis, mean of 3 points)","measured (TomTom Traffic Stats, 08:00-20:00 average)"
2026-07-07,Tue,weekday,1.83,0,2.03,1.9,1.6,2.0,light,62.73,49.69,2.2,10051333,8.11,14.71,4.46,3.12,2.93,2.94,4.67,4.35,1.2,7.48,2.51,6.25,"measured (ERA5-based reanalysis, mean of 3 points)","measured (TomTom Traffic Stats, 08:00-20:00 average)"
2026-07-08,Wed,weekday,0.3,0,1.3,0.1,0.4,0.4,dry,65.08,50.56,2.2,10051334,8.9,16.19,5.13,3.03,2.9,2.99,4.74,4.54,1.28,7.9,2.44,5.04,"measured (ERA5-based reanalysis, mean of 3 points)","measured (TomTom Traffic Stats, 08:00-20:00 average)"
2026-07-09,Thu,weekday,0.4,0,0.8,0.4,0.4,0.4,dry,63.72,51.08,2.14,10051335,8.33,15.2,4.47,3.08,2.63,2.94,4.77,4.86,1.32,8.62,2.52,4.98,"measured (ERA5-based reanalysis, mean of 3 points)","measured (TomTom Traffic Stats, 08:00-20:00 average)"
2026-07-10,Fri,weekday,0.0,0,0.0,0.0,0.0,0.0,dry,58.23,46.23,1.98,10051336,8.45,12.77,3.83,2.81,2.36,2.79,4.34,4.23,1.58,6.62,2.46,6.01,"measured (ERA5-based reanalysis, mean of 3 points)","measured (TomTom Traffic Stats, 08:00-20:00 average)"
2026-07-11,Sat,saturday,0.27,0,0.27,0.0,0.0,0.8,dry,58.63,48.22,2.01,10051337,8.6,15.65,3.16,2.35,1.75,2.56,4.36,3.41,1.8,7.15,2.54,5.29,"measured (ERA5-based reanalysis, mean of 3 points)","measured (TomTom Traffic Stats, 08:00-20:00 average)"
2026-07-12,Sun,sunday,0.0,0,0.0,0.0,0.0,0.0,dry,47.51,40.59,1.82,10051338,7.5,10.84,2.91,2.3,1.69,2.39,3.87,2.65,0.94,5.66,2.27,4.49,"measured (ERA5-based reanalysis, mean of 3 points)","measured (TomTom Traffic Stats, 08:00-20:00 average)"
2026-07-13,Mon,weekday,0.33,0,0.33,0.0,0.1,0.9,dry,62.11,49.6,2.11,10051339,8.28,14.16,4.26,2.75,2.65,2.91,4.6,4.6,1.79,8.06,2.53,5.52,"measured (ERA5-based reanalysis, mean of 3 points)","measured (TomTom Traffic Stats, 08:00-20:00 average)"
2026-07-14,Tue,weekday,0.0,0,0.0,0.0,0.0,0.0,dry,60.88,48.33,2.07,10051340,8.23,13.63,4.25,2.89,3.81,2.92,4.61,4.42,1.22,7.16,2.47,5.28,"measured (ERA5-based reanalysis, mean of 3 points)","measured (TomTom Traffic Stats, 08:00-20:00 average)"
2026-07-15,Wed,weekday,1.37,1,1.37,1.9,1.5,0.7,light,64.41,51.15,2.17,10051341,8.02,14.11,4.52,2.89,3.17,2.92,4.78,5.13,1.75,8.94,2.5,5.68,"measured (ERA5-based reanalysis, mean of 3 points)","measured (TomTom Traffic Stats, 08:00-20:00 average)"
