junction,route,hour,distance_m,covered_distance_m,avg_speed_kmh,avg_travel_time_s,median_travel_time_s,travel_time_ratio,planning_time_index,streets,period,source,label,straight_line_m,path_check
Cyber Towers,SW HITEC City Road - in,0,1093,1093,27.49,143.2,112.3,1.0,1.92,Hitech City Main Road,weekdays 2026-07-01..07-31,TomTom Traffic Stats job 10048181,measured,975,ok
Cyber Towers,SW HITEC City Road - in,1,1093,1093,27.64,142.43,107.88,0.99,2.05,Hitech City Main Road,weekdays 2026-07-01..07-31,TomTom Traffic Stats job 10048181,measured,975,ok
Cyber Towers,SW HITEC City Road - in,2,1093,1093,28.25,139.35,103.12,0.97,2.12,Hitech City Main Road,weekdays 2026-07-01..07-31,TomTom Traffic Stats job 10048181,measured,975,ok
Cyber Towers,SW HITEC City Road - in,3,1093,1093,28.65,137.4,103.11,0.96,2.0,Hitech City Main Road,weekdays 2026-07-01..07-31,TomTom Traffic Stats job 10048181,measured,975,ok
Cyber Towers,SW HITEC City Road - in,4,1093,1093,29.99,131.24,100.76,0.92,1.9,Hitech City Main Road,weekdays 2026-07-01..07-31,TomTom Traffic Stats job 10048181,measured,975,ok
Cyber Towers,SW HITEC City Road - in,5,1093,1093,28.96,135.93,102.27,0.95,1.99,Hitech City Main Road,weekdays 2026-07-01..07-31,TomTom Traffic Stats job 10048181,measured,975,ok
Cyber Towers,SW HITEC City Road - in,6,1093,1093,26.79,146.92,108.23,1.03,2.08,Hitech City Main Road,weekdays 2026-07-01..07-31,TomTom Traffic Stats job 10048181,measured,975,ok
Cyber Towers,SW HITEC City Road - in,7,1093,1093,25.62,153.65,109.71,1.07,2.21,Hitech City Main Road,weekdays 2026-07-01..07-31,TomTom Traffic Stats job 10048181,measured,975,ok
Cyber Towers,SW HITEC City Road - in,8,1093,1093,23.06,170.69,120.67,1.19,2.4,Hitech City Main Road,weekdays 2026-07-01..07-31,TomTom Traffic Stats job 10048181,measured,975,ok
Cyber Towers,SW HITEC City Road - in,9,1093,1093,15.67,251.22,169.55,1.75,4.51,Hitech City Main Road,weekdays 2026-07-01..07-31,TomTom Traffic Stats job 10048181,measured,975,ok
Cyber Towers,SW HITEC City Road - in,10,1093,1093,12.35,318.71,188.23,2.23,6.47,Hitech City Main Road,weekdays 2026-07-01..07-31,TomTom Traffic Stats job 10048181,measured,975,ok
Cyber Towers,SW HITEC City Road - in,11,1093,1093,14.47,271.96,160.3,1.9,5.29,Hitech City Main Road,weekdays 2026-07-01..07-31,TomTom Traffic Stats job 10048181,measured,975,ok
Cyber Towers,SW HITEC City Road - in,12,1093,1093,16.87,233.38,150.03,1.63,3.94,Hitech City Main Road,weekdays 2026-07-01..07-31,TomTom Traffic Stats job 10048181,measured,975,ok
Cyber Towers,SW HITEC City Road - in,13,1093,1093,17.03,231.15,171.09,1.61,3.47,Hitech City Main Road,weekdays 2026-07-01..07-31,TomTom Traffic Stats job 10048181,measured,975,ok
Cyber Towers,SW HITEC City Road - in,14,1093,1093,17.1,230.19,181.06,1.61,3.37,Hitech City Main Road,weekdays 2026-07-01..07-31,TomTom Traffic Stats job 10048181,measured,975,ok
Cyber Towers,SW HITEC City Road - in,15,1093,1093,18.76,209.8,156.06,1.47,2.99,Hitech City Main Road,weekdays 2026-07-01..07-31,TomTom Traffic Stats job 10048181,measured,975,ok
Cyber Towers,SW HITEC City Road - in,16,1093,1093,15.65,251.58,179.06,1.76,4.12,Hitech City Main Road,weekdays 2026-07-01..07-31,TomTom Traffic Stats job 10048181,measured,975,ok
Cyber Towers,SW HITEC City Road - in,17,1093,1093,12.59,312.56,248.02,2.18,4.8,Hitech City Main Road,weekdays 2026-07-01..07-31,TomTom Traffic Stats job 10048181,measured,975,ok
Cyber Towers,SW HITEC City Road - in,18,1093,1093,11.14,353.45,287.06,2.47,5.63,Hitech City Main Road,weekdays 2026-07-01..07-31,TomTom Traffic Stats job 10048181,measured,975,ok
Cyber Towers,SW HITEC City Road - in,19,1093,1093,10.69,368.21,301.53,2.57,5.91,Hitech City Main Road,weekdays 2026-07-01..07-31,TomTom Traffic Stats job 10048181,measured,975,ok
Cyber Towers,SW HITEC City Road - in,20,1093,1093,14.31,275.06,206.49,1.92,4.68,Hitech City Main Road,weekdays 2026-07-01..07-31,TomTom Traffic Stats job 10048181,measured,975,ok
Cyber Towers,SW HITEC City Road - in,21,1093,1093,15.29,257.43,196.78,1.8,4.09,Hitech City Main Road,weekdays 2026-07-01..07-31,TomTom Traffic Stats job 10048181,measured,975,ok
Cyber Towers,SW HITEC City Road - in,22,1093,1093,17.19,229.01,175.06,1.6,3.54,Hitech City Main Road,weekdays 2026-07-01..07-31,TomTom Traffic Stats job 10048181,measured,975,ok
Cyber Towers,SW HITEC City Road - in,23,1093,1093,22.04,178.58,128.16,1.25,2.85,Hitech City Main Road,weekdays 2026-07-01..07-31,TomTom Traffic Stats job 10048181,measured,975,ok
Cyber Towers,SW HITEC City Road - out,0,1035,1035,32.1,116.1,104.04,1.0,1.49,Hitech City Main Road,weekdays 2026-07-01..07-31,TomTom Traffic Stats job 10048181,measured,958,ok
Cyber Towers,SW HITEC City Road - out,1,1035,1035,33.67,110.7,97.59,0.95,1.47,Hitech City Main Road,weekdays 2026-07-01..07-31,TomTom Traffic Stats job 10048181,measured,958,ok
Cyber Towers,SW HITEC City Road - out,2,1035,1035,35.68,104.46,92.39,0.9,1.41,Hitech City Main Road,weekdays 2026-07-01..07-31,TomTom Traffic Stats job 10048181,measured,958,ok
Cyber Towers,SW HITEC City Road - out,3,1035,1035,38.47,96.88,86.68,0.83,1.33,Hitech City Main Road,weekdays 2026-07-01..07-31,TomTom Traffic Stats job 10048181,measured,958,ok
Cyber Towers,SW HITEC City Road - out,4,1035,1035,40.26,92.58,83.84,0.8,1.23,Hitech City Main Road,weekdays 2026-07-01..07-31,TomTom Traffic Stats job 10048181,measured,958,ok
Cyber Towers,SW HITEC City Road - out,5,1035,1035,34.94,106.66,90.26,0.92,1.43,Hitech City Main Road,weekdays 2026-07-01..07-31,TomTom Traffic Stats job 10048181,measured,958,ok
Cyber Towers,SW HITEC City Road - out,6,1035,1035,33.67,110.68,95.66,0.95,1.39,Hitech City Main Road,weekdays 2026-07-01..07-31,TomTom Traffic Stats job 10048181,measured,958,ok
Cyber Towers,SW HITEC City Road - out,7,1035,1035,31.77,117.33,107.02,1.01,1.45,Hitech City Main Road,weekdays 2026-07-01..07-31,TomTom Traffic Stats job 10048181,measured,958,ok
Cyber Towers,SW HITEC City Road - out,8,1035,1035,17.94,207.8,197.13,1.79,3.06,Hitech City Main Road,weekdays 2026-07-01..07-31,TomTom Traffic Stats job 10048181,measured,958,ok
Cyber Towers,SW HITEC City Road - out,9,1035,1035,14.1,264.33,248.17,2.28,3.61,Hitech City Main Road,weekdays 2026-07-01..07-31,TomTom Traffic Stats job 10048181,measured,958,ok
Cyber Towers,SW HITEC City Road - out,10,1035,1035,13.6,274.05,255.21,2.36,3.79,Hitech City Main Road,weekdays 2026-07-01..07-31,TomTom Traffic Stats job 10048181,measured,958,ok
Cyber Towers,SW HITEC City Road - out,11,1035,1035,14.07,264.97,249.62,2.28,3.63,Hitech City Main Road,weekdays 2026-07-01..07-31,TomTom Traffic Stats job 10048181,measured,958,ok
Cyber Towers,SW HITEC City Road - out,12,1035,1035,14.76,252.48,231.63,2.17,3.59,Hitech City Main Road,weekdays 2026-07-01..07-31,TomTom Traffic Stats job 10048181,measured,958,ok
Cyber Towers,SW HITEC City Road - out,13,1035,1035,14.36,259.47,238.82,2.23,3.62,Hitech City Main Road,weekdays 2026-07-01..07-31,TomTom Traffic Stats job 10048181,measured,958,ok
Cyber Towers,SW HITEC City Road - out,14,1035,1035,14.13,263.7,240.38,2.27,3.7,Hitech City Main Road,weekdays 2026-07-01..07-31,TomTom Traffic Stats job 10048181,measured,958,ok
Cyber Towers,SW HITEC City Road - out,15,1035,1035,14.61,255.06,229.06,2.2,3.55,Hitech City Main Road,weekdays 2026-07-01..07-31,TomTom Traffic Stats job 10048181,measured,958,ok
Cyber Towers,SW HITEC City Road - out,16,1035,1035,14.16,263.2,232.89,2.27,4.41,Hitech City Main Road,weekdays 2026-07-01..07-31,TomTom Traffic Stats job 10048181,measured,958,ok
Cyber Towers,SW HITEC City Road - out,17,1035,1035,13.42,277.7,240.09,2.39,4.7,Hitech City Main Road,weekdays 2026-07-01..07-31,TomTom Traffic Stats job 10048181,measured,958,ok
Cyber Towers,SW HITEC City Road - out,18,1035,1035,13.53,275.43,220.36,2.37,5.42,Hitech City Main Road,weekdays 2026-07-01..07-31,TomTom Traffic Stats job 10048181,measured,958,ok
Cyber Towers,SW HITEC City Road - out,19,1035,1035,15.94,233.79,179.47,2.01,4.42,Hitech City Main Road,weekdays 2026-07-01..07-31,TomTom Traffic Stats job 10048181,measured,958,ok
Cyber Towers,SW HITEC City Road - out,20,1035,1035,20.95,177.93,152.45,1.53,2.76,Hitech City Main Road,weekdays 2026-07-01..07-31,TomTom Traffic Stats job 10048181,measured,958,ok
Cyber Towers,SW HITEC City Road - out,21,1035,1035,21.67,171.98,148.23,1.48,2.62,Hitech City Main Road,weekdays 2026-07-01..07-31,TomTom Traffic Stats job 10048181,measured,958,ok
Cyber Towers,SW HITEC City Road - out,22,1035,1035,23.01,162.0,139.14,1.4,2.47,Hitech City Main Road,weekdays 2026-07-01..07-31,TomTom Traffic Stats job 10048181,measured,958,ok
Cyber Towers,SW HITEC City Road - out,23,1035,1035,27.5,135.55,119.96,1.17,1.87,Hitech City Main Road,weekdays 2026-07-01..07-31,TomTom Traffic Stats job 10048181,measured,958,ok
Cyber Towers,NW Kondapur Main Road - in,0,709,709,21.66,117.82,94.96,1.0,1.9,Hitech City Main Road; Kondapur Main Road,weekdays 2026-07-01..07-31,TomTom Traffic Stats job 10048181,measured,696,ok
Cyber Towers,NW Kondapur Main Road - in,1,709,709,23.18,110.11,85.87,0.93,1.84,Hitech City Main Road; Kondapur Main Road,weekdays 2026-07-01..07-31,TomTom Traffic Stats job 10048181,measured,696,ok
Cyber Towers,NW Kondapur Main Road - in,2,709,709,24.67,103.46,77.16,0.88,1.75,Hitech City Main Road; Kondapur Main Road,weekdays 2026-07-01..07-31,TomTom Traffic Stats job 10048181,measured,696,ok
Cyber Towers,NW Kondapur Main Road - in,3,709,709,25.31,100.84,76.14,0.86,1.73,Hitech City Main Road; Kondapur Main Road,weekdays 2026-07-01..07-31,TomTom Traffic Stats job 10048181,measured,696,ok
Cyber Towers,NW Kondapur Main Road - in,4,709,709,26.39,96.72,69.53,0.82,1.68,Hitech City Main Road; Kondapur Main Road,weekdays 2026-07-01..07-31,TomTom Traffic Stats job 10048181,measured,696,ok
Cyber Towers,NW Kondapur Main Road - in,5,709,709,24.5,104.18,76.18,0.88,1.72,Hitech City Main Road; Kondapur Main Road,weekdays 2026-07-01..07-31,TomTom Traffic Stats job 10048181,measured,696,ok
Cyber Towers,NW Kondapur Main Road - in,6,709,709,24.27,105.17,83.49,0.89,1.67,Hitech City Main Road; Kondapur Main Road,weekdays 2026-07-01..07-31,TomTom Traffic Stats job 10048181,measured,696,ok
Cyber Towers,NW Kondapur Main Road - in,7,709,709,20.09,127.02,104.56,1.08,2.14,Hitech City Main Road; Kondapur Main Road,weekdays 2026-07-01..07-31,TomTom Traffic Stats job 10048181,measured,696,ok
Cyber Towers,NW Kondapur Main Road - in,8,709,709,18.33,139.26,88.64,1.18,3.19,Hitech City Main Road; Kondapur Main Road,weekdays 2026-07-01..07-31,TomTom Traffic Stats job 10048181,measured,696,ok
Cyber Towers,NW Kondapur Main Road - in,9,709,709,13.46,189.58,130.33,1.61,4.32,Hitech City Main Road; Kondapur Main Road,weekdays 2026-07-01..07-31,TomTom Traffic Stats job 10048181,measured,696,ok
Cyber Towers,NW Kondapur Main Road - in,10,709,709,10.71,238.4,152.05,2.02,5.9,Hitech City Main Road; Kondapur Main Road,weekdays 2026-07-01..07-31,TomTom Traffic Stats job 10048181,measured,696,ok
Cyber Towers,NW Kondapur Main Road - in,11,709,709,12.42,205.48,133.35,1.74,4.8,Hitech City Main Road; Kondapur Main Road,weekdays 2026-07-01..07-31,TomTom Traffic Stats job 10048181,measured,696,ok
Cyber Towers,NW Kondapur Main Road - in,12,709,709,15.65,163.13,114.07,1.38,3.55,Hitech City Main Road; Kondapur Main Road,weekdays 2026-07-01..07-31,TomTom Traffic Stats job 10048181,measured,696,ok
Cyber Towers,NW Kondapur Main Road - in,13,709,709,12.94,197.28,133.21,1.67,4.53,Hitech City Main Road; Kondapur Main Road,weekdays 2026-07-01..07-31,TomTom Traffic Stats job 10048181,measured,696,ok
Cyber Towers,NW Kondapur Main Road - in,14,709,709,11.52,221.63,140.52,1.88,5.58,Hitech City Main Road; Kondapur Main Road,weekdays 2026-07-01..07-31,TomTom Traffic Stats job 10048181,measured,696,ok
Cyber Towers,NW Kondapur Main Road - in,15,709,709,14.02,182.08,124.15,1.55,4.07,Hitech City Main Road; Kondapur Main Road,weekdays 2026-07-01..07-31,TomTom Traffic Stats job 10048181,measured,696,ok
Cyber Towers,NW Kondapur Main Road - in,16,709,709,15.32,166.6,119.09,1.41,3.6,Hitech City Main Road; Kondapur Main Road,weekdays 2026-07-01..07-31,TomTom Traffic Stats job 10048181,measured,696,ok
Cyber Towers,NW Kondapur Main Road - in,17,709,709,14.77,172.76,123.32,1.47,3.78,Hitech City Main Road; Kondapur Main Road,weekdays 2026-07-01..07-31,TomTom Traffic Stats job 10048181,measured,696,ok
Cyber Towers,NW Kondapur Main Road - in,18,709,709,13.94,183.11,131.34,1.55,4.12,Hitech City Main Road; Kondapur Main Road,weekdays 2026-07-01..07-31,TomTom Traffic Stats job 10048181,measured,696,ok
Cyber Towers,NW Kondapur Main Road - in,19,709,709,13.69,186.48,138.27,1.58,3.98,Hitech City Main Road; Kondapur Main Road,weekdays 2026-07-01..07-31,TomTom Traffic Stats job 10048181,measured,696,ok
Cyber Towers,NW Kondapur Main Road - in,20,709,709,14.46,176.56,127.83,1.5,3.69,Hitech City Main Road; Kondapur Main Road,weekdays 2026-07-01..07-31,TomTom Traffic Stats job 10048181,measured,696,ok
Cyber Towers,NW Kondapur Main Road - in,21,709,709,14.96,170.6,112.77,1.45,3.47,Hitech City Main Road; Kondapur Main Road,weekdays 2026-07-01..07-31,TomTom Traffic Stats job 10048181,measured,696,ok
Cyber Towers,NW Kondapur Main Road - in,22,709,709,14.83,172.16,136.07,1.46,3.2,Hitech City Main Road; Kondapur Main Road,weekdays 2026-07-01..07-31,TomTom Traffic Stats job 10048181,measured,696,ok
Cyber Towers,NW Kondapur Main Road - in,23,709,709,17.39,146.78,119.6,1.25,2.63,Hitech City Main Road; Kondapur Main Road,weekdays 2026-07-01..07-31,TomTom Traffic Stats job 10048181,measured,696,ok
Cyber Towers,NW Kondapur Main Road - out,0,686,686,33.15,74.49,66.92,1.0,1.49,Hitech City Main Road; Kondapur Main Road,weekdays 2026-07-01..07-31,TomTom Traffic Stats job 10048181,measured,687,ok
Cyber Towers,NW Kondapur Main Road - out,1,686,686,34.77,71.03,64.01,0.95,1.44,Hitech City Main Road; Kondapur Main Road,weekdays 2026-07-01..07-31,TomTom Traffic Stats job 10048181,measured,687,ok
Cyber Towers,NW Kondapur Main Road - out,2,686,686,36.43,67.8,60.81,0.91,1.42,Hitech City Main Road; Kondapur Main Road,weekdays 2026-07-01..07-31,TomTom Traffic Stats job 10048181,measured,687,ok
Cyber Towers,NW Kondapur Main Road - out,3,686,686,36.87,66.99,59.31,0.9,1.35,Hitech City Main Road; Kondapur Main Road,weekdays 2026-07-01..07-31,TomTom Traffic Stats job 10048181,measured,687,ok
Cyber Towers,NW Kondapur Main Road - out,4,686,686,37.02,66.71,58.04,0.9,1.34,Hitech City Main Road; Kondapur Main Road,weekdays 2026-07-01..07-31,TomTom Traffic Stats job 10048181,measured,687,ok
Cyber Towers,NW Kondapur Main Road - out,5,686,686,36.55,67.58,59.58,0.91,1.36,Hitech City Main Road; Kondapur Main Road,weekdays 2026-07-01..07-31,TomTom Traffic Stats job 10048181,measured,687,ok
Cyber Towers,NW Kondapur Main Road - out,6,686,686,33.37,74.01,64.0,0.99,1.54,Hitech City Main Road; Kondapur Main Road,weekdays 2026-07-01..07-31,TomTom Traffic Stats job 10048181,measured,687,ok
Cyber Towers,NW Kondapur Main Road - out,7,686,686,30.66,80.55,69.26,1.08,1.76,Hitech City Main Road; Kondapur Main Road,weekdays 2026-07-01..07-31,TomTom Traffic Stats job 10048181,measured,687,ok
Cyber Towers,NW Kondapur Main Road - out,8,686,686,28.88,85.51,74.49,1.15,2.07,Hitech City Main Road; Kondapur Main Road,weekdays 2026-07-01..07-31,TomTom Traffic Stats job 10048181,measured,687,ok
Cyber Towers,NW Kondapur Main Road - out,9,686,686,25.82,95.65,80.35,1.28,2.61,Hitech City Main Road; Kondapur Main Road,weekdays 2026-07-01..07-31,TomTom Traffic Stats job 10048181,measured,687,ok
Cyber Towers,NW Kondapur Main Road - out,10,686,686,24.85,99.41,81.85,1.33,2.82,Hitech City Main Road; Kondapur Main Road,weekdays 2026-07-01..07-31,TomTom Traffic Stats job 10048181,measured,687,ok
Cyber Towers,NW Kondapur Main Road - out,11,686,686,24.15,102.26,82.43,1.37,2.79,Hitech City Main Road; Kondapur Main Road,weekdays 2026-07-01..07-31,TomTom Traffic Stats job 10048181,measured,687,ok
Cyber Towers,NW Kondapur Main Road - out,12,686,686,24.41,101.2,83.85,1.36,2.58,Hitech City Main Road; Kondapur Main Road,weekdays 2026-07-01..07-31,TomTom Traffic Stats job 10048181,measured,687,ok
Cyber Towers,NW Kondapur Main Road - out,13,686,686,25.1,98.42,81.11,1.32,2.46,Hitech City Main Road; Kondapur Main Road,weekdays 2026-07-01..07-31,TomTom Traffic Stats job 10048181,measured,687,ok
Cyber Towers,NW Kondapur Main Road - out,14,686,686,25.72,96.05,80.34,1.29,2.34,Hitech City Main Road; Kondapur Main Road,weekdays 2026-07-01..07-31,TomTom Traffic Stats job 10048181,measured,687,ok
Cyber Towers,NW Kondapur Main Road - out,15,686,686,25.44,97.1,81.48,1.3,2.37,Hitech City Main Road; Kondapur Main Road,weekdays 2026-07-01..07-31,TomTom Traffic Stats job 10048181,measured,687,ok
Cyber Towers,NW Kondapur Main Road - out,16,686,686,24.44,101.04,84.23,1.36,2.58,Hitech City Main Road; Kondapur Main Road,weekdays 2026-07-01..07-31,TomTom Traffic Stats job 10048181,measured,687,ok
Cyber Towers,NW Kondapur Main Road - out,17,686,686,23.2,106.48,86.13,1.43,2.83,Hitech City Main Road; Kondapur Main Road,weekdays 2026-07-01..07-31,TomTom Traffic Stats job 10048181,measured,687,ok
Cyber Towers,NW Kondapur Main Road - out,18,686,686,19.87,124.31,96.52,1.67,3.69,Hitech City Main Road; Kondapur Main Road,weekdays 2026-07-01..07-31,TomTom Traffic Stats job 10048181,measured,687,ok
Cyber Towers,NW Kondapur Main Road - out,19,686,686,19.64,125.77,96.46,1.69,3.73,Hitech City Main Road; Kondapur Main Road,weekdays 2026-07-01..07-31,TomTom Traffic Stats job 10048181,measured,687,ok
Cyber Towers,NW Kondapur Main Road - out,20,686,686,23.12,106.82,88.34,1.43,2.64,Hitech City Main Road; Kondapur Main Road,weekdays 2026-07-01..07-31,TomTom Traffic Stats job 10048181,measured,687,ok
Cyber Towers,NW Kondapur Main Road - out,21,686,686,26.88,91.89,79.94,1.23,2.01,Hitech City Main Road; Kondapur Main Road,weekdays 2026-07-01..07-31,TomTom Traffic Stats job 10048181,measured,687,ok
Cyber Towers,NW Kondapur Main Road - out,22,686,686,30.64,80.62,73.2,1.08,1.69,Hitech City Main Road; Kondapur Main Road,weekdays 2026-07-01..07-31,TomTom Traffic Stats job 10048181,measured,687,ok
Cyber Towers,NW Kondapur Main Road - out,23,686,686,31.51,78.39,69.98,1.05,1.6,Hitech City Main Road; Kondapur Main Road,weekdays 2026-07-01..07-31,TomTom Traffic Stats job 10048181,measured,687,ok
Cyber Towers,NE Kukatpally Road - in,0,178,178,9.78,65.71,51.12,1.0,2.3,KPHB Road,weekdays 2026-07-01..07-31,TomTom Traffic Stats job 10048193 (re-run after detour),measured,225,ok
Cyber Towers,NE Kukatpally Road - in,1,178,178,10.41,61.72,41.25,0.94,2.29,KPHB Road,weekdays 2026-07-01..07-31,TomTom Traffic Stats job 10048193 (re-run after detour),measured,225,ok
Cyber Towers,NE Kukatpally Road - in,2,178,178,12.57,51.1,34.25,0.78,2.04,KPHB Road,weekdays 2026-07-01..07-31,TomTom Traffic Stats job 10048193 (re-run after detour),measured,225,ok
Cyber Towers,NE Kukatpally Road - in,3,178,178,13.91,46.16,29.86,0.7,1.89,KPHB Road,weekdays 2026-07-01..07-31,TomTom Traffic Stats job 10048193 (re-run after detour),measured,225,ok
Cyber Towers,NE Kukatpally Road - in,4,178,178,15.11,42.52,25.73,0.65,1.75,KPHB Road,weekdays 2026-07-01..07-31,TomTom Traffic Stats job 10048193 (re-run after detour),measured,225,ok
Cyber Towers,NE Kukatpally Road - in,5,178,178,14.13,45.45,30.22,0.69,1.7,KPHB Road,weekdays 2026-07-01..07-31,TomTom Traffic Stats job 10048193 (re-run after detour),measured,225,ok
Cyber Towers,NE Kukatpally Road - in,6,178,178,11.43,56.22,40.27,0.86,2.12,KPHB Road,weekdays 2026-07-01..07-31,TomTom Traffic Stats job 10048193 (re-run after detour),measured,225,ok
Cyber Towers,NE Kukatpally Road - in,7,178,178,7.03,91.38,34.67,1.39,5.24,KPHB Road,weekdays 2026-07-01..07-31,TomTom Traffic Stats job 10048193 (re-run after detour),measured,225,ok
Cyber Towers,NE Kukatpally Road - in,8,178,178,7.24,88.69,43.84,1.35,5.75,KPHB Road,weekdays 2026-07-01..07-31,TomTom Traffic Stats job 10048193 (re-run after detour),measured,225,ok
Cyber Towers,NE Kukatpally Road - in,9,178,178,8.2,78.35,51.49,1.19,3.41,KPHB Road,weekdays 2026-07-01..07-31,TomTom Traffic Stats job 10048193 (re-run after detour),measured,225,ok
Cyber Towers,NE Kukatpally Road - in,10,178,178,8.91,72.08,50.03,1.1,2.36,KPHB Road,weekdays 2026-07-01..07-31,TomTom Traffic Stats job 10048193 (re-run after detour),measured,225,ok
Cyber Towers,NE Kukatpally Road - in,11,178,178,8.92,72.03,46.51,1.1,2.69,KPHB Road,weekdays 2026-07-01..07-31,TomTom Traffic Stats job 10048193 (re-run after detour),measured,225,ok
Cyber Towers,NE Kukatpally Road - in,12,178,178,7.92,81.06,42.89,1.23,4.4,KPHB Road,weekdays 2026-07-01..07-31,TomTom Traffic Stats job 10048193 (re-run after detour),measured,225,ok
Cyber Towers,NE Kukatpally Road - in,13,178,178,5.97,107.61,49.06,1.64,7.06,KPHB Road,weekdays 2026-07-01..07-31,TomTom Traffic Stats job 10048193 (re-run after detour),measured,225,ok
Cyber Towers,NE Kukatpally Road - in,14,178,178,6.06,105.99,51.64,1.61,6.9,KPHB Road,weekdays 2026-07-01..07-31,TomTom Traffic Stats job 10048193 (re-run after detour),measured,225,ok
Cyber Towers,NE Kukatpally Road - in,15,178,178,6.53,98.41,48.3,1.5,6.18,KPHB Road,weekdays 2026-07-01..07-31,TomTom Traffic Stats job 10048193 (re-run after detour),measured,225,ok
Cyber Towers,NE Kukatpally Road - in,16,178,178,8.02,80.05,43.75,1.22,4.31,KPHB Road,weekdays 2026-07-01..07-31,TomTom Traffic Stats job 10048193 (re-run after detour),measured,225,ok
Cyber Towers,NE Kukatpally Road - in,17,178,178,8.88,72.35,46.01,1.1,2.77,KPHB Road,weekdays 2026-07-01..07-31,TomTom Traffic Stats job 10048193 (re-run after detour),measured,225,ok
Cyber Towers,NE Kukatpally Road - in,18,178,178,8.95,71.8,51.08,1.09,2.01,KPHB Road,weekdays 2026-07-01..07-31,TomTom Traffic Stats job 10048193 (re-run after detour),measured,225,ok
Cyber Towers,NE Kukatpally Road - in,19,178,178,8.39,76.59,51.89,1.17,2.55,KPHB Road,weekdays 2026-07-01..07-31,TomTom Traffic Stats job 10048193 (re-run after detour),measured,225,ok
Cyber Towers,NE Kukatpally Road - in,20,178,178,7.61,84.4,42.98,1.28,4.55,KPHB Road,weekdays 2026-07-01..07-31,TomTom Traffic Stats job 10048193 (re-run after detour),measured,225,ok
Cyber Towers,NE Kukatpally Road - in,21,178,178,5.91,108.72,44.72,1.65,6.86,KPHB Road,weekdays 2026-07-01..07-31,TomTom Traffic Stats job 10048193 (re-run after detour),measured,225,ok
Cyber Towers,NE Kukatpally Road - in,22,178,178,7.6,84.55,41.53,1.29,4.05,KPHB Road,weekdays 2026-07-01..07-31,TomTom Traffic Stats job 10048193 (re-run after detour),measured,225,ok
Cyber Towers,NE Kukatpally Road - in,23,178,178,9.43,68.15,47.55,1.04,2.56,KPHB Road,weekdays 2026-07-01..07-31,TomTom Traffic Stats job 10048193 (re-run after detour),measured,225,ok
Cyber Towers,NE Kukatpally Road - out,0,647,647,31.29,74.42,63.91,1.0,1.52,Hitech City Main Road; KPHB Road,weekdays 2026-07-01..07-31,TomTom Traffic Stats job 10048181,measured,571,ok
Cyber Towers,NE Kukatpally Road - out,1,647,647,31.96,72.86,62.49,0.98,1.42,Hitech City Main Road; KPHB Road,weekdays 2026-07-01..07-31,TomTom Traffic Stats job 10048181,measured,571,ok
Cyber Towers,NE Kukatpally Road - out,2,647,647,33.1,70.34,60.27,0.95,1.37,Hitech City Main Road; KPHB Road,weekdays 2026-07-01..07-31,TomTom Traffic Stats job 10048181,measured,571,ok
Cyber Towers,NE Kukatpally Road - out,3,647,647,33.15,70.24,60.6,0.94,1.33,Hitech City Main Road; KPHB Road,weekdays 2026-07-01..07-31,TomTom Traffic Stats job 10048181,measured,571,ok
Cyber Towers,NE Kukatpally Road - out,4,647,647,29.98,77.66,60.82,1.04,1.45,Hitech City Main Road; KPHB Road,weekdays 2026-07-01..07-31,TomTom Traffic Stats job 10048181,measured,571,ok
Cyber Towers,NE Kukatpally Road - out,5,647,647,32.17,72.36,60.32,0.97,1.5,Hitech City Main Road; KPHB Road,weekdays 2026-07-01..07-31,TomTom Traffic Stats job 10048181,measured,571,ok
Cyber Towers,NE Kukatpally Road - out,6,647,647,31.12,74.83,63.41,1.01,1.59,Hitech City Main Road; KPHB Road,weekdays 2026-07-01..07-31,TomTom Traffic Stats job 10048181,measured,571,ok
Cyber Towers,NE Kukatpally Road - out,7,647,647,29.29,79.5,65.86,1.07,1.6,Hitech City Main Road; KPHB Road,weekdays 2026-07-01..07-31,TomTom Traffic Stats job 10048181,measured,571,ok
Cyber Towers,NE Kukatpally Road - out,8,647,647,30.48,76.38,65.48,1.03,1.52,Hitech City Main Road; KPHB Road,weekdays 2026-07-01..07-31,TomTom Traffic Stats job 10048181,measured,571,ok
Cyber Towers,NE Kukatpally Road - out,9,647,647,29.34,79.37,66.29,1.07,1.62,Hitech City Main Road; KPHB Road,weekdays 2026-07-01..07-31,TomTom Traffic Stats job 10048181,measured,571,ok
Cyber Towers,NE Kukatpally Road - out,10,647,647,28.7,81.13,68.06,1.09,1.66,Hitech City Main Road; KPHB Road,weekdays 2026-07-01..07-31,TomTom Traffic Stats job 10048181,measured,571,ok
Cyber Towers,NE Kukatpally Road - out,11,647,647,26.42,88.14,70.92,1.18,1.8,Hitech City Main Road; KPHB Road,weekdays 2026-07-01..07-31,TomTom Traffic Stats job 10048181,measured,571,ok
Cyber Towers,NE Kukatpally Road - out,12,647,647,27.01,86.19,71.48,1.16,1.83,Hitech City Main Road; KPHB Road,weekdays 2026-07-01..07-31,TomTom Traffic Stats job 10048181,measured,571,ok
Cyber Towers,NE Kukatpally Road - out,13,647,647,27.51,84.64,70.69,1.14,1.71,Hitech City Main Road; KPHB Road,weekdays 2026-07-01..07-31,TomTom Traffic Stats job 10048181,measured,571,ok
Cyber Towers,NE Kukatpally Road - out,14,647,647,27.98,83.2,69.64,1.12,1.7,Hitech City Main Road; KPHB Road,weekdays 2026-07-01..07-31,TomTom Traffic Stats job 10048181,measured,571,ok
Cyber Towers,NE Kukatpally Road - out,15,647,647,27.26,85.42,72.45,1.15,1.82,Hitech City Main Road; KPHB Road,weekdays 2026-07-01..07-31,TomTom Traffic Stats job 10048181,measured,571,ok
Cyber Towers,NE Kukatpally Road - out,16,647,647,26.92,86.49,75.58,1.16,1.89,Hitech City Main Road; KPHB Road,weekdays 2026-07-01..07-31,TomTom Traffic Stats job 10048181,measured,571,ok
Cyber Towers,NE Kukatpally Road - out,17,647,647,22.46,103.65,85.24,1.39,2.65,Hitech City Main Road; KPHB Road,weekdays 2026-07-01..07-31,TomTom Traffic Stats job 10048181,measured,571,ok
Cyber Towers,NE Kukatpally Road - out,18,647,647,19.64,118.52,92.86,1.59,3.46,Hitech City Main Road; KPHB Road,weekdays 2026-07-01..07-31,TomTom Traffic Stats job 10048181,measured,571,ok
Cyber Towers,NE Kukatpally Road - out,19,647,647,16.19,143.85,97.78,1.93,4.99,Hitech City Main Road; KPHB Road,weekdays 2026-07-01..07-31,TomTom Traffic Stats job 10048181,measured,571,ok
Cyber Towers,NE Kukatpally Road - out,20,647,647,20.41,114.07,85.23,1.53,3.49,Hitech City Main Road; KPHB Road,weekdays 2026-07-01..07-31,TomTom Traffic Stats job 10048181,measured,571,ok
Cyber Towers,NE Kukatpally Road - out,21,647,647,26.54,87.74,75.95,1.18,1.89,Hitech City Main Road; KPHB Road,weekdays 2026-07-01..07-31,TomTom Traffic Stats job 10048181,measured,571,ok
Cyber Towers,NE Kukatpally Road - out,22,647,647,29.59,78.69,70.52,1.06,1.59,Hitech City Main Road; KPHB Road,weekdays 2026-07-01..07-31,TomTom Traffic Stats job 10048181,measured,571,ok
Cyber Towers,NE Kukatpally Road - out,23,647,647,30.9,75.35,67.25,1.01,1.49,Hitech City Main Road; KPHB Road,weekdays 2026-07-01..07-31,TomTom Traffic Stats job 10048181,measured,571,ok
Cyber Towers,SE Madhapur Road - in,0,959,959,18.98,181.92,151.6,1.0,1.97,Hitech City Main Road; Vittal Rao Nagar Road,weekdays 2026-07-01..07-31,TomTom Traffic Stats job 10048181,measured,920,ok
Cyber Towers,SE Madhapur Road - in,1,959,959,22.15,155.87,129.99,0.86,1.68,Hitech City Main Road; Vittal Rao Nagar Road,weekdays 2026-07-01..07-31,TomTom Traffic Stats job 10048181,measured,920,ok
Cyber Towers,SE Madhapur Road - in,2,959,959,24.15,142.96,110.18,0.79,1.48,Hitech City Main Road; Vittal Rao Nagar Road,weekdays 2026-07-01..07-31,TomTom Traffic Stats job 10048181,measured,920,ok
Cyber Towers,SE Madhapur Road - in,3,959,959,25.6,134.84,108.02,0.74,1.41,Hitech City Main Road; Vittal Rao Nagar Road,weekdays 2026-07-01..07-31,TomTom Traffic Stats job 10048181,measured,920,ok
Cyber Towers,SE Madhapur Road - in,4,959,959,25.88,133.41,96.35,0.73,1.41,Hitech City Main Road; Vittal Rao Nagar Road,weekdays 2026-07-01..07-31,TomTom Traffic Stats job 10048181,measured,920,ok
Cyber Towers,SE Madhapur Road - in,5,959,959,26.2,131.73,106.01,0.72,1.4,Hitech City Main Road; Vittal Rao Nagar Road,weekdays 2026-07-01..07-31,TomTom Traffic Stats job 10048181,measured,920,ok
Cyber Towers,SE Madhapur Road - in,6,959,959,22.42,153.99,123.7,0.85,1.56,Hitech City Main Road; Vittal Rao Nagar Road,weekdays 2026-07-01..07-31,TomTom Traffic Stats job 10048181,measured,920,ok
Cyber Towers,SE Madhapur Road - in,7,959,959,18.46,186.99,143.19,1.03,2.12,Hitech City Main Road; Vittal Rao Nagar Road,weekdays 2026-07-01..07-31,TomTom Traffic Stats job 10048181,measured,920,ok
Cyber Towers,SE Madhapur Road - in,8,959,959,19.5,177.07,115.62,0.97,2.46,Hitech City Main Road; Vittal Rao Nagar Road,weekdays 2026-07-01..07-31,TomTom Traffic Stats job 10048181,measured,920,ok
Cyber Towers,SE Madhapur Road - in,9,959,959,17.2,200.64,131.88,1.1,2.99,Hitech City Main Road; Vittal Rao Nagar Road,weekdays 2026-07-01..07-31,TomTom Traffic Stats job 10048181,measured,920,ok
Cyber Towers,SE Madhapur Road - in,10,959,959,15.06,229.16,137.94,1.26,3.67,Hitech City Main Road; Vittal Rao Nagar Road,weekdays 2026-07-01..07-31,TomTom Traffic Stats job 10048181,measured,920,ok
Cyber Towers,SE Madhapur Road - in,11,959,959,15.37,224.65,140.23,1.23,3.46,Hitech City Main Road; Vittal Rao Nagar Road,weekdays 2026-07-01..07-31,TomTom Traffic Stats job 10048181,measured,920,ok
Cyber Towers,SE Madhapur Road - in,12,959,959,15.52,222.47,139.64,1.22,3.25,Hitech City Main Road; Vittal Rao Nagar Road,weekdays 2026-07-01..07-31,TomTom Traffic Stats job 10048181,measured,920,ok
Cyber Towers,SE Madhapur Road - in,13,959,959,15.71,219.77,137.32,1.21,3.47,Hitech City Main Road; Vittal Rao Nagar Road,weekdays 2026-07-01..07-31,TomTom Traffic Stats job 10048181,measured,920,ok
Cyber Towers,SE Madhapur Road - in,14,959,959,15.9,217.13,135.47,1.19,3.37,Hitech City Main Road; Vittal Rao Nagar Road,weekdays 2026-07-01..07-31,TomTom Traffic Stats job 10048181,measured,920,ok
Cyber Towers,SE Madhapur Road - in,15,959,959,15.03,229.73,143.12,1.26,3.71,Hitech City Main Road; Vittal Rao Nagar Road,weekdays 2026-07-01..07-31,TomTom Traffic Stats job 10048181,measured,920,ok
Cyber Towers,SE Madhapur Road - in,16,959,959,13.66,252.74,153.12,1.39,4.11,Hitech City Main Road; Vittal Rao Nagar Road,weekdays 2026-07-01..07-31,TomTom Traffic Stats job 10048181,measured,920,ok
Cyber Towers,SE Madhapur Road - in,17,959,959,11.18,308.65,174.39,1.7,5.54,Hitech City Main Road; Vittal Rao Nagar Road,weekdays 2026-07-01..07-31,TomTom Traffic Stats job 10048181,measured,920,ok
Cyber Towers,SE Madhapur Road - in,18,959,959,9.41,366.91,220.99,2.02,6.23,Hitech City Main Road; Vittal Rao Nagar Road,weekdays 2026-07-01..07-31,TomTom Traffic Stats job 10048181,measured,920,ok
Cyber Towers,SE Madhapur Road - in,19,959,959,10.05,343.42,209.23,1.89,5.61,Hitech City Main Road; Vittal Rao Nagar Road,weekdays 2026-07-01..07-31,TomTom Traffic Stats job 10048181,measured,920,ok
Cyber Towers,SE Madhapur Road - in,20,959,959,13.45,256.63,164.67,1.41,4.19,Hitech City Main Road; Vittal Rao Nagar Road,weekdays 2026-07-01..07-31,TomTom Traffic Stats job 10048181,measured,920,ok
Cyber Towers,SE Madhapur Road - in,21,959,959,13.37,258.25,156.67,1.42,4.24,Hitech City Main Road; Vittal Rao Nagar Road,weekdays 2026-07-01..07-31,TomTom Traffic Stats job 10048181,measured,920,ok
Cyber Towers,SE Madhapur Road - in,22,959,959,11.12,310.55,250.56,1.71,4.27,Hitech City Main Road; Vittal Rao Nagar Road,weekdays 2026-07-01..07-31,TomTom Traffic Stats job 10048181,measured,920,ok
Cyber Towers,SE Madhapur Road - in,23,959,959,18.12,190.5,157.11,1.05,2.16,Hitech City Main Road; Vittal Rao Nagar Road,weekdays 2026-07-01..07-31,TomTom Traffic Stats job 10048181,measured,920,ok
Cyber Towers,SE Madhapur Road - out,0,708,708,27.14,93.92,71.93,1.0,1.74,Hitech City Main Road,weekdays 2026-07-01..07-31,TomTom Traffic Stats job 10048181,measured,619,ok
Cyber Towers,SE Madhapur Road - out,1,708,708,26.61,95.8,70.1,1.02,1.79,Hitech City Main Road,weekdays 2026-07-01..07-31,TomTom Traffic Stats job 10048181,measured,619,ok
Cyber Towers,SE Madhapur Road - out,2,708,708,27.98,91.13,67.2,0.97,1.7,Hitech City Main Road,weekdays 2026-07-01..07-31,TomTom Traffic Stats job 10048181,measured,619,ok
Cyber Towers,SE Madhapur Road - out,3,708,708,30.76,82.89,64.95,0.88,1.52,Hitech City Main Road,weekdays 2026-07-01..07-31,TomTom Traffic Stats job 10048181,measured,619,ok
Cyber Towers,SE Madhapur Road - out,4,708,708,32.51,78.41,63.69,0.83,1.48,Hitech City Main Road,weekdays 2026-07-01..07-31,TomTom Traffic Stats job 10048181,measured,619,ok
Cyber Towers,SE Madhapur Road - out,5,708,708,32.05,79.55,63.74,0.85,1.49,Hitech City Main Road,weekdays 2026-07-01..07-31,TomTom Traffic Stats job 10048181,measured,619,ok
Cyber Towers,SE Madhapur Road - out,6,708,708,29.13,87.53,64.43,0.93,1.59,Hitech City Main Road,weekdays 2026-07-01..07-31,TomTom Traffic Stats job 10048181,measured,619,ok
Cyber Towers,SE Madhapur Road - out,7,708,708,28.43,89.67,67.39,0.95,1.61,Hitech City Main Road,weekdays 2026-07-01..07-31,TomTom Traffic Stats job 10048181,measured,619,ok
Cyber Towers,SE Madhapur Road - out,8,708,708,29.26,87.12,71.38,0.93,1.39,Hitech City Main Road,weekdays 2026-07-01..07-31,TomTom Traffic Stats job 10048181,measured,619,ok
Cyber Towers,SE Madhapur Road - out,9,708,708,28.46,89.58,73.22,0.95,1.52,Hitech City Main Road,weekdays 2026-07-01..07-31,TomTom Traffic Stats job 10048181,measured,619,ok
Cyber Towers,SE Madhapur Road - out,10,708,708,26.3,96.92,72.8,1.03,1.77,Hitech City Main Road,weekdays 2026-07-01..07-31,TomTom Traffic Stats job 10048181,measured,619,ok
Cyber Towers,SE Madhapur Road - out,11,708,708,23.33,109.26,76.48,1.16,2.07,Hitech City Main Road,weekdays 2026-07-01..07-31,TomTom Traffic Stats job 10048181,measured,619,ok
Cyber Towers,SE Madhapur Road - out,12,708,708,22.98,110.93,80.66,1.18,2.03,Hitech City Main Road,weekdays 2026-07-01..07-31,TomTom Traffic Stats job 10048181,measured,619,ok
Cyber Towers,SE Madhapur Road - out,13,708,708,23.47,108.62,78.93,1.16,1.97,Hitech City Main Road,weekdays 2026-07-01..07-31,TomTom Traffic Stats job 10048181,measured,619,ok
Cyber Towers,SE Madhapur Road - out,14,708,708,23.15,110.15,77.38,1.17,2.01,Hitech City Main Road,weekdays 2026-07-01..07-31,TomTom Traffic Stats job 10048181,measured,619,ok
Cyber Towers,SE Madhapur Road - out,15,708,708,24.5,104.08,77.77,1.11,1.89,Hitech City Main Road,weekdays 2026-07-01..07-31,TomTom Traffic Stats job 10048181,measured,619,ok
Cyber Towers,SE Madhapur Road - out,16,708,708,26.07,97.79,77.09,1.04,1.65,Hitech City Main Road,weekdays 2026-07-01..07-31,TomTom Traffic Stats job 10048181,measured,619,ok
Cyber Towers,SE Madhapur Road - out,17,708,708,26.04,97.9,77.24,1.04,1.74,Hitech City Main Road,weekdays 2026-07-01..07-31,TomTom Traffic Stats job 10048181,measured,619,ok
Cyber Towers,SE Madhapur Road - out,18,708,708,24.88,102.47,81.06,1.09,1.8,Hitech City Main Road,weekdays 2026-07-01..07-31,TomTom Traffic Stats job 10048181,measured,619,ok
Cyber Towers,SE Madhapur Road - out,19,708,708,22.93,111.18,85.85,1.18,2.04,Hitech City Main Road,weekdays 2026-07-01..07-31,TomTom Traffic Stats job 10048181,measured,619,ok
Cyber Towers,SE Madhapur Road - out,20,708,708,23.89,106.7,82.06,1.14,1.85,Hitech City Main Road,weekdays 2026-07-01..07-31,TomTom Traffic Stats job 10048181,measured,619,ok
Cyber Towers,SE Madhapur Road - out,21,708,708,25.48,100.06,79.93,1.07,1.66,Hitech City Main Road,weekdays 2026-07-01..07-31,TomTom Traffic Stats job 10048181,measured,619,ok
Cyber Towers,SE Madhapur Road - out,22,708,708,25.9,98.43,77.59,1.05,1.65,Hitech City Main Road,weekdays 2026-07-01..07-31,TomTom Traffic Stats job 10048181,measured,619,ok
Cyber Towers,SE Madhapur Road - out,23,708,708,27.33,93.3,74.33,0.99,1.66,Hitech City Main Road,weekdays 2026-07-01..07-31,TomTom Traffic Stats job 10048181,measured,619,ok
Kothaguda,S Gachibowli Highway - in,0,530,530,11.72,162.86,83.44,1.0,2.47,Gachibowli Miyapur Road; Kondapur Main Road,weekdays 2026-07-01..07-31,TomTom Traffic Stats job 10048181,measured,434,ok
Kothaguda,S Gachibowli Highway - in,1,530,530,13.38,142.67,70.91,0.88,1.9,Gachibowli Miyapur Road; Kondapur Main Road,weekdays 2026-07-01..07-31,TomTom Traffic Stats job 10048181,measured,434,ok
Kothaguda,S Gachibowli Highway - in,2,530,530,15.9,120.08,64.81,0.74,1.61,Gachibowli Miyapur Road; Kondapur Main Road,weekdays 2026-07-01..07-31,TomTom Traffic Stats job 10048181,measured,434,ok
Kothaguda,S Gachibowli Highway - in,3,530,530,19.27,99.07,60.19,0.61,0.91,Gachibowli Miyapur Road; Kondapur Main Road,weekdays 2026-07-01..07-31,TomTom Traffic Stats job 10048181,measured,434,ok
Kothaguda,S Gachibowli Highway - in,4,530,530,17.59,108.55,59.83,0.67,1.09,Gachibowli Miyapur Road; Kondapur Main Road,weekdays 2026-07-01..07-31,TomTom Traffic Stats job 10048181,measured,434,ok
Kothaguda,S Gachibowli Highway - in,5,530,530,17.18,111.09,61.01,0.68,1.2,Gachibowli Miyapur Road; Kondapur Main Road,weekdays 2026-07-01..07-31,TomTom Traffic Stats job 10048181,measured,434,ok
Kothaguda,S Gachibowli Highway - in,6,530,530,22.45,85.04,58.73,0.52,0.84,Gachibowli Miyapur Road; Kondapur Main Road,weekdays 2026-07-01..07-31,TomTom Traffic Stats job 10048181,measured,434,ok
Kothaguda,S Gachibowli Highway - in,7,530,530,22.66,84.24,62.17,0.52,0.87,Gachibowli Miyapur Road; Kondapur Main Road,weekdays 2026-07-01..07-31,TomTom Traffic Stats job 10048181,measured,434,ok
Kothaguda,S Gachibowli Highway - in,8,530,530,23.34,81.81,63.92,0.5,0.92,Gachibowli Miyapur Road; Kondapur Main Road,weekdays 2026-07-01..07-31,TomTom Traffic Stats job 10048181,measured,434,ok
Kothaguda,S Gachibowli Highway - in,9,530,530,18.68,102.21,73.54,0.63,1.27,Gachibowli Miyapur Road; Kondapur Main Road,weekdays 2026-07-01..07-31,TomTom Traffic Stats job 10048181,measured,434,ok
Kothaguda,S Gachibowli Highway - in,10,530,530,16.22,117.69,84.55,0.72,1.54,Gachibowli Miyapur Road; Kondapur Main Road,weekdays 2026-07-01..07-31,TomTom Traffic Stats job 10048181,measured,434,ok
Kothaguda,S Gachibowli Highway - in,11,530,530,15.2,125.61,84.73,0.77,1.68,Gachibowli Miyapur Road; Kondapur Main Road,weekdays 2026-07-01..07-31,TomTom Traffic Stats job 10048181,measured,434,ok
Kothaguda,S Gachibowli Highway - in,12,530,530,14.26,133.88,87.63,0.82,1.9,Gachibowli Miyapur Road; Kondapur Main Road,weekdays 2026-07-01..07-31,TomTom Traffic Stats job 10048181,measured,434,ok
Kothaguda,S Gachibowli Highway - in,13,530,530,14.08,135.59,83.82,0.83,2.08,Gachibowli Miyapur Road; Kondapur Main Road,weekdays 2026-07-01..07-31,TomTom Traffic Stats job 10048181,measured,434,ok
Kothaguda,S Gachibowli Highway - in,14,530,530,14.29,133.61,81.3,0.82,2.03,Gachibowli Miyapur Road; Kondapur Main Road,weekdays 2026-07-01..07-31,TomTom Traffic Stats job 10048181,measured,434,ok
Kothaguda,S Gachibowli Highway - in,15,530,530,13.72,139.18,83.24,0.85,2.08,Gachibowli Miyapur Road; Kondapur Main Road,weekdays 2026-07-01..07-31,TomTom Traffic Stats job 10048181,measured,434,ok
Kothaguda,S Gachibowli Highway - in,16,530,530,12.77,149.47,89.87,0.92,2.5,Gachibowli Miyapur Road; Kondapur Main Road,weekdays 2026-07-01..07-31,TomTom Traffic Stats job 10048181,measured,434,ok
Kothaguda,S Gachibowli Highway - in,17,530,530,12.52,152.47,94.46,0.94,2.55,Gachibowli Miyapur Road; Kondapur Main Road,weekdays 2026-07-01..07-31,TomTom Traffic Stats job 10048181,measured,434,ok
Kothaguda,S Gachibowli Highway - in,18,530,530,12.5,152.68,102.68,0.94,2.3,Gachibowli Miyapur Road; Kondapur Main Road,weekdays 2026-07-01..07-31,TomTom Traffic Stats job 10048181,measured,434,ok
Kothaguda,S Gachibowli Highway - in,19,530,530,9.59,199.06,121.47,1.22,3.43,Gachibowli Miyapur Road; Kondapur Main Road,weekdays 2026-07-01..07-31,TomTom Traffic Stats job 10048181,measured,434,ok
Kothaguda,S Gachibowli Highway - in,20,530,530,10.98,173.88,102.69,1.07,2.96,Gachibowli Miyapur Road; Kondapur Main Road,weekdays 2026-07-01..07-31,TomTom Traffic Stats job 10048181,measured,434,ok
Kothaguda,S Gachibowli Highway - in,21,530,530,12.36,154.48,94.62,0.95,2.42,Gachibowli Miyapur Road; Kondapur Main Road,weekdays 2026-07-01..07-31,TomTom Traffic Stats job 10048181,measured,434,ok
Kothaguda,S Gachibowli Highway - in,22,530,530,9.81,194.64,101.3,1.2,3.57,Gachibowli Miyapur Road; Kondapur Main Road,weekdays 2026-07-01..07-31,TomTom Traffic Stats job 10048181,measured,434,ok
Kothaguda,S Gachibowli Highway - in,23,530,530,12.81,148.98,82.14,0.91,2.22,Gachibowli Miyapur Road; Kondapur Main Road,weekdays 2026-07-01..07-31,TomTom Traffic Stats job 10048181,measured,434,ok
Kothaguda,S Gachibowli Highway - out,0,447,447,21.4,75.28,52.94,1.0,1.66,B P Raju Marg; Gachibowli Miyapur Road; Kondapur Main Road,weekdays 2026-07-01..07-31,TomTom Traffic Stats job 10048181,measured,354,ok
Kothaguda,S Gachibowli Highway - out,1,447,447,22.33,72.16,50.02,0.96,1.6,B P Raju Marg; Gachibowli Miyapur Road; Kondapur Main Road,weekdays 2026-07-01..07-31,TomTom Traffic Stats job 10048181,measured,354,ok
Kothaguda,S Gachibowli Highway - out,2,447,447,23.92,67.34,46.83,0.89,1.49,B P Raju Marg; Gachibowli Miyapur Road; Kondapur Main Road,weekdays 2026-07-01..07-31,TomTom Traffic Stats job 10048181,measured,354,ok
Kothaguda,S Gachibowli Highway - out,3,447,447,25.14,64.09,44.48,0.85,1.27,B P Raju Marg; Gachibowli Miyapur Road; Kondapur Main Road,weekdays 2026-07-01..07-31,TomTom Traffic Stats job 10048181,measured,354,ok
Kothaguda,S Gachibowli Highway - out,4,447,447,25.08,64.24,42.88,0.85,1.45,B P Raju Marg; Gachibowli Miyapur Road; Kondapur Main Road,weekdays 2026-07-01..07-31,TomTom Traffic Stats job 10048181,measured,354,ok
Kothaguda,S Gachibowli Highway - out,5,447,447,25.75,62.57,43.13,0.83,1.28,B P Raju Marg; Gachibowli Miyapur Road; Kondapur Main Road,weekdays 2026-07-01..07-31,TomTom Traffic Stats job 10048181,measured,354,ok
Kothaguda,S Gachibowli Highway - out,6,447,447,28.12,57.28,44.43,0.76,1.11,B P Raju Marg; Gachibowli Miyapur Road; Kondapur Main Road,weekdays 2026-07-01..07-31,TomTom Traffic Stats job 10048181,measured,354,ok
Kothaguda,S Gachibowli Highway - out,7,447,447,27.47,58.64,46.83,0.78,1.21,B P Raju Marg; Gachibowli Miyapur Road; Kondapur Main Road,weekdays 2026-07-01..07-31,TomTom Traffic Stats job 10048181,measured,354,ok
Kothaguda,S Gachibowli Highway - out,8,447,447,28.87,55.81,48.0,0.74,1.22,B P Raju Marg; Gachibowli Miyapur Road; Kondapur Main Road,weekdays 2026-07-01..07-31,TomTom Traffic Stats job 10048181,measured,354,ok
Kothaguda,S Gachibowli Highway - out,9,447,447,22.01,73.19,51.55,0.97,2.03,B P Raju Marg; Gachibowli Miyapur Road; Kondapur Main Road,weekdays 2026-07-01..07-31,TomTom Traffic Stats job 10048181,measured,354,ok
Kothaguda,S Gachibowli Highway - out,10,447,447,16.98,94.85,57.11,1.26,3.1,B P Raju Marg; Gachibowli Miyapur Road; Kondapur Main Road,weekdays 2026-07-01..07-31,TomTom Traffic Stats job 10048181,measured,354,ok
Kothaguda,S Gachibowli Highway - out,11,447,447,20.67,77.92,53.57,1.04,2.08,B P Raju Marg; Gachibowli Miyapur Road; Kondapur Main Road,weekdays 2026-07-01..07-31,TomTom Traffic Stats job 10048181,measured,354,ok
Kothaguda,S Gachibowli Highway - out,12,447,447,23.91,67.37,55.03,0.89,1.52,B P Raju Marg; Gachibowli Miyapur Road; Kondapur Main Road,weekdays 2026-07-01..07-31,TomTom Traffic Stats job 10048181,measured,354,ok
Kothaguda,S Gachibowli Highway - out,13,447,447,15.14,106.37,60.72,1.41,4.1,B P Raju Marg; Gachibowli Miyapur Road; Kondapur Main Road,weekdays 2026-07-01..07-31,TomTom Traffic Stats job 10048181,measured,354,ok
Kothaguda,S Gachibowli Highway - out,14,447,447,9.77,164.86,84.81,2.19,7.84,B P Raju Marg; Gachibowli Miyapur Road; Kondapur Main Road,weekdays 2026-07-01..07-31,TomTom Traffic Stats job 10048181,measured,354,ok
Kothaguda,S Gachibowli Highway - out,15,447,447,13.06,123.31,64.9,1.64,5.23,B P Raju Marg; Gachibowli Miyapur Road; Kondapur Main Road,weekdays 2026-07-01..07-31,TomTom Traffic Stats job 10048181,measured,354,ok
Kothaguda,S Gachibowli Highway - out,16,447,447,12.18,132.29,70.22,1.76,5.66,B P Raju Marg; Gachibowli Miyapur Road; Kondapur Main Road,weekdays 2026-07-01..07-31,TomTom Traffic Stats job 10048181,measured,354,ok
Kothaguda,S Gachibowli Highway - out,17,447,447,10.83,148.72,76.28,1.98,6.48,B P Raju Marg; Gachibowli Miyapur Road; Kondapur Main Road,weekdays 2026-07-01..07-31,TomTom Traffic Stats job 10048181,measured,354,ok
Kothaguda,S Gachibowli Highway - out,18,447,447,13.52,119.18,69.29,1.58,4.52,B P Raju Marg; Gachibowli Miyapur Road; Kondapur Main Road,weekdays 2026-07-01..07-31,TomTom Traffic Stats job 10048181,measured,354,ok
Kothaguda,S Gachibowli Highway - out,19,447,447,12.04,133.82,73.54,1.78,5.39,B P Raju Marg; Gachibowli Miyapur Road; Kondapur Main Road,weekdays 2026-07-01..07-31,TomTom Traffic Stats job 10048181,measured,354,ok
Kothaguda,S Gachibowli Highway - out,20,447,447,15.11,106.58,65.89,1.42,3.62,B P Raju Marg; Gachibowli Miyapur Road; Kondapur Main Road,weekdays 2026-07-01..07-31,TomTom Traffic Stats job 10048181,measured,354,ok
Kothaguda,S Gachibowli Highway - out,21,447,447,18.98,84.89,63.09,1.13,2.13,B P Raju Marg; Gachibowli Miyapur Road; Kondapur Main Road,weekdays 2026-07-01..07-31,TomTom Traffic Stats job 10048181,measured,354,ok
Kothaguda,S Gachibowli Highway - out,22,447,447,19.92,80.88,60.02,1.07,1.9,B P Raju Marg; Gachibowli Miyapur Road; Kondapur Main Road,weekdays 2026-07-01..07-31,TomTom Traffic Stats job 10048181,measured,354,ok
Kothaguda,S Gachibowli Highway - out,23,447,447,20.51,78.56,56.83,1.04,1.85,B P Raju Marg; Gachibowli Miyapur Road; Kondapur Main Road,weekdays 2026-07-01..07-31,TomTom Traffic Stats job 10048181,measured,354,ok
Kothaguda,N Miyapur Highway - in,0,595,595,24.41,87.7,67.46,1.0,1.64,Gachibowli Miyapur Road; Kondapur Main Road,weekdays 2026-07-01..07-31,TomTom Traffic Stats job 10048181,measured,568,ok
Kothaguda,N Miyapur Highway - in,1,595,595,25.21,84.95,63.32,0.97,1.54,Gachibowli Miyapur Road; Kondapur Main Road,weekdays 2026-07-01..07-31,TomTom Traffic Stats job 10048181,measured,568,ok
Kothaguda,N Miyapur Highway - in,2,595,595,27.61,77.56,59.07,0.88,1.47,Gachibowli Miyapur Road; Kondapur Main Road,weekdays 2026-07-01..07-31,TomTom Traffic Stats job 10048181,measured,568,ok
Kothaguda,N Miyapur Highway - in,3,595,595,29.82,71.79,53.97,0.82,1.38,Gachibowli Miyapur Road; Kondapur Main Road,weekdays 2026-07-01..07-31,TomTom Traffic Stats job 10048181,measured,568,ok
Kothaguda,N Miyapur Highway - in,4,595,595,32.73,65.43,50.75,0.75,1.2,Gachibowli Miyapur Road; Kondapur Main Road,weekdays 2026-07-01..07-31,TomTom Traffic Stats job 10048181,measured,568,ok
Kothaguda,N Miyapur Highway - in,5,595,595,35.16,60.9,52.05,0.69,1.04,Gachibowli Miyapur Road; Kondapur Main Road,weekdays 2026-07-01..07-31,TomTom Traffic Stats job 10048181,measured,568,ok
Kothaguda,N Miyapur Highway - in,6,595,595,32.68,65.52,55.71,0.75,1.09,Gachibowli Miyapur Road; Kondapur Main Road,weekdays 2026-07-01..07-31,TomTom Traffic Stats job 10048181,measured,568,ok
Kothaguda,N Miyapur Highway - in,7,595,595,29.43,72.75,62.45,0.83,1.36,Gachibowli Miyapur Road; Kondapur Main Road,weekdays 2026-07-01..07-31,TomTom Traffic Stats job 10048181,measured,568,ok
Kothaguda,N Miyapur Highway - in,8,595,595,24.43,87.66,65.64,1.0,2.3,Gachibowli Miyapur Road; Kondapur Main Road,weekdays 2026-07-01..07-31,TomTom Traffic Stats job 10048181,measured,568,ok
Kothaguda,N Miyapur Highway - in,9,595,595,20.3,105.49,75.3,1.2,2.77,Gachibowli Miyapur Road; Kondapur Main Road,weekdays 2026-07-01..07-31,TomTom Traffic Stats job 10048181,measured,568,ok
Kothaguda,N Miyapur Highway - in,10,595,595,19.41,110.31,76.0,1.26,3.1,Gachibowli Miyapur Road; Kondapur Main Road,weekdays 2026-07-01..07-31,TomTom Traffic Stats job 10048181,measured,568,ok
Kothaguda,N Miyapur Highway - in,11,595,595,21.12,101.39,72.35,1.16,2.38,Gachibowli Miyapur Road; Kondapur Main Road,weekdays 2026-07-01..07-31,TomTom Traffic Stats job 10048181,measured,568,ok
Kothaguda,N Miyapur Highway - in,12,595,595,20.32,105.39,74.09,1.2,2.8,Gachibowli Miyapur Road; Kondapur Main Road,weekdays 2026-07-01..07-31,TomTom Traffic Stats job 10048181,measured,568,ok
Kothaguda,N Miyapur Highway - in,13,595,595,18.64,114.87,80.27,1.31,3.24,Gachibowli Miyapur Road; Kondapur Main Road,weekdays 2026-07-01..07-31,TomTom Traffic Stats job 10048181,measured,568,ok
Kothaguda,N Miyapur Highway - in,14,595,595,21.34,100.34,77.6,1.14,2.31,Gachibowli Miyapur Road; Kondapur Main Road,weekdays 2026-07-01..07-31,TomTom Traffic Stats job 10048181,measured,568,ok
Kothaguda,N Miyapur Highway - in,15,595,595,22.78,93.99,73.99,1.07,1.95,Gachibowli Miyapur Road; Kondapur Main Road,weekdays 2026-07-01..07-31,TomTom Traffic Stats job 10048181,measured,568,ok
Kothaguda,N Miyapur Highway - in,16,595,595,21.08,101.56,78.64,1.16,2.05,Gachibowli Miyapur Road; Kondapur Main Road,weekdays 2026-07-01..07-31,TomTom Traffic Stats job 10048181,measured,568,ok
Kothaguda,N Miyapur Highway - in,17,595,595,18.95,113.01,82.77,1.29,2.84,Gachibowli Miyapur Road; Kondapur Main Road,weekdays 2026-07-01..07-31,TomTom Traffic Stats job 10048181,measured,568,ok
Kothaguda,N Miyapur Highway - in,18,595,595,19.75,108.42,81.51,1.24,2.42,Gachibowli Miyapur Road; Kondapur Main Road,weekdays 2026-07-01..07-31,TomTom Traffic Stats job 10048181,measured,568,ok
Kothaguda,N Miyapur Highway - in,19,595,595,20.15,106.26,82.64,1.21,2.17,Gachibowli Miyapur Road; Kondapur Main Road,weekdays 2026-07-01..07-31,TomTom Traffic Stats job 10048181,measured,568,ok
Kothaguda,N Miyapur Highway - in,20,595,595,19.8,108.13,81.05,1.23,2.27,Gachibowli Miyapur Road; Kondapur Main Road,weekdays 2026-07-01..07-31,TomTom Traffic Stats job 10048181,measured,568,ok
Kothaguda,N Miyapur Highway - in,21,595,595,18.82,113.78,84.59,1.3,2.57,Gachibowli Miyapur Road; Kondapur Main Road,weekdays 2026-07-01..07-31,TomTom Traffic Stats job 10048181,measured,568,ok
Kothaguda,N Miyapur Highway - in,22,595,595,19.2,111.51,80.38,1.27,2.8,Gachibowli Miyapur Road; Kondapur Main Road,weekdays 2026-07-01..07-31,TomTom Traffic Stats job 10048181,measured,568,ok
Kothaguda,N Miyapur Highway - in,23,595,595,21.21,100.97,75.28,1.15,2.13,Gachibowli Miyapur Road; Kondapur Main Road,weekdays 2026-07-01..07-31,TomTom Traffic Stats job 10048181,measured,568,ok
Kothaguda,N Miyapur Highway - out,0,583,583,22.76,92.25,69.52,1.0,1.8,Gachibowli Miyapur Road; Kondapur Main Road,weekdays 2026-07-01..07-31,TomTom Traffic Stats job 10048181,measured,568,ok
Kothaguda,N Miyapur Highway - out,1,583,583,24.53,85.61,62.73,0.93,1.56,Gachibowli Miyapur Road; Kondapur Main Road,weekdays 2026-07-01..07-31,TomTom Traffic Stats job 10048181,measured,568,ok
Kothaguda,N Miyapur Highway - out,2,583,583,25.81,81.37,58.67,0.88,1.46,Gachibowli Miyapur Road; Kondapur Main Road,weekdays 2026-07-01..07-31,TomTom Traffic Stats job 10048181,measured,568,ok
Kothaguda,N Miyapur Highway - out,3,583,583,27.12,77.43,58.37,0.84,1.31,Gachibowli Miyapur Road; Kondapur Main Road,weekdays 2026-07-01..07-31,TomTom Traffic Stats job 10048181,measured,568,ok
Kothaguda,N Miyapur Highway - out,4,583,583,26.6,78.93,57.62,0.86,1.27,Gachibowli Miyapur Road; Kondapur Main Road,weekdays 2026-07-01..07-31,TomTom Traffic Stats job 10048181,measured,568,ok
Kothaguda,N Miyapur Highway - out,5,583,583,29.18,71.95,57.6,0.78,1.31,Gachibowli Miyapur Road; Kondapur Main Road,weekdays 2026-07-01..07-31,TomTom Traffic Stats job 10048181,measured,568,ok
Kothaguda,N Miyapur Highway - out,6,583,583,24.91,84.3,62.83,0.91,1.86,Gachibowli Miyapur Road; Kondapur Main Road,weekdays 2026-07-01..07-31,TomTom Traffic Stats job 10048181,measured,568,ok
Kothaguda,N Miyapur Highway - out,7,583,583,21.37,98.25,73.11,1.07,2.21,Gachibowli Miyapur Road; Kondapur Main Road,weekdays 2026-07-01..07-31,TomTom Traffic Stats job 10048181,measured,568,ok
Kothaguda,N Miyapur Highway - out,8,583,583,20.22,103.85,81.03,1.13,2.31,Gachibowli Miyapur Road; Kondapur Main Road,weekdays 2026-07-01..07-31,TomTom Traffic Stats job 10048181,measured,568,ok
Kothaguda,N Miyapur Highway - out,9,583,583,18.19,115.46,90.63,1.25,2.5,Gachibowli Miyapur Road; Kondapur Main Road,weekdays 2026-07-01..07-31,TomTom Traffic Stats job 10048181,measured,568,ok
Kothaguda,N Miyapur Highway - out,10,583,583,15.56,134.93,113.82,1.46,2.9,Gachibowli Miyapur Road; Kondapur Main Road,weekdays 2026-07-01..07-31,TomTom Traffic Stats job 10048181,measured,568,ok
Kothaguda,N Miyapur Highway - out,11,583,583,12.11,173.37,145.11,1.88,3.88,Gachibowli Miyapur Road; Kondapur Main Road,weekdays 2026-07-01..07-31,TomTom Traffic Stats job 10048181,measured,568,ok
Kothaguda,N Miyapur Highway - out,12,583,583,10.45,200.92,166.16,2.18,4.58,Gachibowli Miyapur Road; Kondapur Main Road,weekdays 2026-07-01..07-31,TomTom Traffic Stats job 10048181,measured,568,ok
Kothaguda,N Miyapur Highway - out,13,583,583,12.62,166.39,133.61,1.8,4.14,Gachibowli Miyapur Road; Kondapur Main Road,weekdays 2026-07-01..07-31,TomTom Traffic Stats job 10048181,measured,568,ok
Kothaguda,N Miyapur Highway - out,14,583,583,12.69,165.44,133.58,1.79,3.92,Gachibowli Miyapur Road; Kondapur Main Road,weekdays 2026-07-01..07-31,TomTom Traffic Stats job 10048181,measured,568,ok
Kothaguda,N Miyapur Highway - out,15,583,583,12.4,169.33,137.79,1.84,4.04,Gachibowli Miyapur Road; Kondapur Main Road,weekdays 2026-07-01..07-31,TomTom Traffic Stats job 10048181,measured,568,ok
Kothaguda,N Miyapur Highway - out,16,583,583,10.75,195.28,157.49,2.12,4.75,Gachibowli Miyapur Road; Kondapur Main Road,weekdays 2026-07-01..07-31,TomTom Traffic Stats job 10048181,measured,568,ok
Kothaguda,N Miyapur Highway - out,17,583,583,10.84,193.74,152.59,2.1,4.94,Gachibowli Miyapur Road; Kondapur Main Road,weekdays 2026-07-01..07-31,TomTom Traffic Stats job 10048181,measured,568,ok
Kothaguda,N Miyapur Highway - out,18,583,583,10.02,209.61,170.57,2.27,5.24,Gachibowli Miyapur Road; Kondapur Main Road,weekdays 2026-07-01..07-31,TomTom Traffic Stats job 10048181,measured,568,ok
Kothaguda,N Miyapur Highway - out,19,583,583,9.21,227.89,166.39,2.47,6.64,Gachibowli Miyapur Road; Kondapur Main Road,weekdays 2026-07-01..07-31,TomTom Traffic Stats job 10048181,measured,568,ok
Kothaguda,N Miyapur Highway - out,20,583,583,8.77,239.33,172.24,2.59,7.07,Gachibowli Miyapur Road; Kondapur Main Road,weekdays 2026-07-01..07-31,TomTom Traffic Stats job 10048181,measured,568,ok
Kothaguda,N Miyapur Highway - out,21,583,583,11.16,188.19,137.78,2.04,5.09,Gachibowli Miyapur Road; Kondapur Main Road,weekdays 2026-07-01..07-31,TomTom Traffic Stats job 10048181,measured,568,ok
Kothaguda,N Miyapur Highway - out,22,583,583,13.92,150.86,106.06,1.64,4.02,Gachibowli Miyapur Road; Kondapur Main Road,weekdays 2026-07-01..07-31,TomTom Traffic Stats job 10048181,measured,568,ok
Kothaguda,N Miyapur Highway - out,23,583,583,19.25,109.06,80.5,1.18,2.4,Gachibowli Miyapur Road; Kondapur Main Road,weekdays 2026-07-01..07-31,TomTom Traffic Stats job 10048181,measured,568,ok
Kothaguda,E HITEC City-Kondapur Road - in,0,518,518,25.37,73.48,62.95,1.0,1.77,Kondapur Main Road,weekdays 2026-07-01..07-31,TomTom Traffic Stats job 10048181,measured,507,ok
Kothaguda,E HITEC City-Kondapur Road - in,1,518,518,27.08,68.83,58.08,0.94,1.53,Kondapur Main Road,weekdays 2026-07-01..07-31,TomTom Traffic Stats job 10048181,measured,507,ok
Kothaguda,E HITEC City-Kondapur Road - in,2,518,518,27.35,68.15,55.99,0.93,1.41,Kondapur Main Road,weekdays 2026-07-01..07-31,TomTom Traffic Stats job 10048181,measured,507,ok
Kothaguda,E HITEC City-Kondapur Road - in,3,518,518,28.35,65.76,54.51,0.89,1.32,Kondapur Main Road,weekdays 2026-07-01..07-31,TomTom Traffic Stats job 10048181,measured,507,ok
Kothaguda,E HITEC City-Kondapur Road - in,4,518,518,30.3,61.53,52.83,0.84,1.25,Kondapur Main Road,weekdays 2026-07-01..07-31,TomTom Traffic Stats job 10048181,measured,507,ok
Kothaguda,E HITEC City-Kondapur Road - in,5,518,518,30.23,61.66,54.03,0.84,1.33,Kondapur Main Road,weekdays 2026-07-01..07-31,TomTom Traffic Stats job 10048181,measured,507,ok
Kothaguda,E HITEC City-Kondapur Road - in,6,518,518,26.24,71.05,58.25,0.97,1.54,Kondapur Main Road,weekdays 2026-07-01..07-31,TomTom Traffic Stats job 10048181,measured,507,ok
Kothaguda,E HITEC City-Kondapur Road - in,7,518,518,23.39,79.7,64.58,1.08,1.91,Kondapur Main Road,weekdays 2026-07-01..07-31,TomTom Traffic Stats job 10048181,measured,507,ok
Kothaguda,E HITEC City-Kondapur Road - in,8,518,518,21.26,87.69,71.51,1.19,2.31,Kondapur Main Road,weekdays 2026-07-01..07-31,TomTom Traffic Stats job 10048181,measured,507,ok
Kothaguda,E HITEC City-Kondapur Road - in,9,518,518,19.24,96.87,77.24,1.32,2.68,Kondapur Main Road,weekdays 2026-07-01..07-31,TomTom Traffic Stats job 10048181,measured,507,ok
Kothaguda,E HITEC City-Kondapur Road - in,10,518,518,18.51,100.72,79.62,1.37,2.76,Kondapur Main Road,weekdays 2026-07-01..07-31,TomTom Traffic Stats job 10048181,measured,507,ok
Kothaguda,E HITEC City-Kondapur Road - in,11,518,518,18.07,103.18,82.26,1.4,2.8,Kondapur Main Road,weekdays 2026-07-01..07-31,TomTom Traffic Stats job 10048181,measured,507,ok
Kothaguda,E HITEC City-Kondapur Road - in,12,518,518,18.39,101.38,82.45,1.38,2.72,Kondapur Main Road,weekdays 2026-07-01..07-31,TomTom Traffic Stats job 10048181,measured,507,ok
Kothaguda,E HITEC City-Kondapur Road - in,13,518,518,19.17,97.23,80.98,1.32,2.56,Kondapur Main Road,weekdays 2026-07-01..07-31,TomTom Traffic Stats job 10048181,measured,507,ok
Kothaguda,E HITEC City-Kondapur Road - in,14,518,518,19.22,97.01,78.88,1.32,2.61,Kondapur Main Road,weekdays 2026-07-01..07-31,TomTom Traffic Stats job 10048181,measured,507,ok
Kothaguda,E HITEC City-Kondapur Road - in,15,518,518,18.2,102.44,81.92,1.39,2.85,Kondapur Main Road,weekdays 2026-07-01..07-31,TomTom Traffic Stats job 10048181,measured,507,ok
Kothaguda,E HITEC City-Kondapur Road - in,16,518,518,15.5,120.29,91.44,1.64,3.51,Kondapur Main Road,weekdays 2026-07-01..07-31,TomTom Traffic Stats job 10048181,measured,507,ok
Kothaguda,E HITEC City-Kondapur Road - in,17,518,518,9.36,199.1,141.96,2.71,6.9,Kondapur Main Road,weekdays 2026-07-01..07-31,TomTom Traffic Stats job 10048181,measured,507,ok
Kothaguda,E HITEC City-Kondapur Road - in,18,518,518,10.92,170.71,127.9,2.32,5.75,Kondapur Main Road,weekdays 2026-07-01..07-31,TomTom Traffic Stats job 10048181,measured,507,ok
Kothaguda,E HITEC City-Kondapur Road - in,19,518,518,11.81,157.82,109.75,2.15,5.68,Kondapur Main Road,weekdays 2026-07-01..07-31,TomTom Traffic Stats job 10048181,measured,507,ok
Kothaguda,E HITEC City-Kondapur Road - in,20,518,518,15.39,121.15,92.08,1.65,3.68,Kondapur Main Road,weekdays 2026-07-01..07-31,TomTom Traffic Stats job 10048181,measured,507,ok
Kothaguda,E HITEC City-Kondapur Road - in,21,518,518,19.0,98.1,83.46,1.33,2.5,Kondapur Main Road,weekdays 2026-07-01..07-31,TomTom Traffic Stats job 10048181,measured,507,ok
Kothaguda,E HITEC City-Kondapur Road - in,22,518,518,20.7,90.05,76.38,1.23,2.32,Kondapur Main Road,weekdays 2026-07-01..07-31,TomTom Traffic Stats job 10048181,measured,507,ok
Kothaguda,E HITEC City-Kondapur Road - in,23,518,518,22.47,82.96,69.99,1.13,2.11,Kondapur Main Road,weekdays 2026-07-01..07-31,TomTom Traffic Stats job 10048181,measured,507,ok
Kothaguda,E HITEC City-Kondapur Road - out,0,474,474,24.06,70.96,52.47,1.0,1.62,Gachibowli Miyapur Road; Kondapur Main Road,weekdays 2026-07-01..07-31,TomTom Traffic Stats job 10048181,measured,418,ok
Kothaguda,E HITEC City-Kondapur Road - out,1,474,474,24.47,69.75,50.12,0.98,1.56,Gachibowli Miyapur Road; Kondapur Main Road,weekdays 2026-07-01..07-31,TomTom Traffic Stats job 10048181,measured,418,ok
Kothaguda,E HITEC City-Kondapur Road - out,2,474,474,27.37,62.37,47.59,0.88,1.36,Gachibowli Miyapur Road; Kondapur Main Road,weekdays 2026-07-01..07-31,TomTom Traffic Stats job 10048181,measured,418,ok
Kothaguda,E HITEC City-Kondapur Road - out,3,474,474,27.79,61.44,46.34,0.87,1.38,Gachibowli Miyapur Road; Kondapur Main Road,weekdays 2026-07-01..07-31,TomTom Traffic Stats job 10048181,measured,418,ok
Kothaguda,E HITEC City-Kondapur Road - out,4,474,474,26.91,63.45,45.96,0.89,1.42,Gachibowli Miyapur Road; Kondapur Main Road,weekdays 2026-07-01..07-31,TomTom Traffic Stats job 10048181,measured,418,ok
Kothaguda,E HITEC City-Kondapur Road - out,5,474,474,27.75,61.52,44.74,0.87,1.2,Gachibowli Miyapur Road; Kondapur Main Road,weekdays 2026-07-01..07-31,TomTom Traffic Stats job 10048181,measured,418,ok
Kothaguda,E HITEC City-Kondapur Road - out,6,474,474,31.5,54.2,43.85,0.76,1.19,Gachibowli Miyapur Road; Kondapur Main Road,weekdays 2026-07-01..07-31,TomTom Traffic Stats job 10048181,measured,418,ok
Kothaguda,E HITEC City-Kondapur Road - out,7,474,474,30.62,55.76,45.52,0.79,1.26,Gachibowli Miyapur Road; Kondapur Main Road,weekdays 2026-07-01..07-31,TomTom Traffic Stats job 10048181,measured,418,ok
Kothaguda,E HITEC City-Kondapur Road - out,8,474,474,31.09,54.91,47.85,0.77,1.29,Gachibowli Miyapur Road; Kondapur Main Road,weekdays 2026-07-01..07-31,TomTom Traffic Stats job 10048181,measured,418,ok
Kothaguda,E HITEC City-Kondapur Road - out,9,474,474,17.68,96.56,61.65,1.36,3.6,Gachibowli Miyapur Road; Kondapur Main Road,weekdays 2026-07-01..07-31,TomTom Traffic Stats job 10048181,measured,418,ok
Kothaguda,E HITEC City-Kondapur Road - out,10,474,474,19.39,88.03,59.45,1.24,3.23,Gachibowli Miyapur Road; Kondapur Main Road,weekdays 2026-07-01..07-31,TomTom Traffic Stats job 10048181,measured,418,ok
Kothaguda,E HITEC City-Kondapur Road - out,11,474,474,24.38,70.03,52.86,0.99,2.13,Gachibowli Miyapur Road; Kondapur Main Road,weekdays 2026-07-01..07-31,TomTom Traffic Stats job 10048181,measured,418,ok
Kothaguda,E HITEC City-Kondapur Road - out,12,474,474,24.34,70.14,52.33,0.99,2.04,Gachibowli Miyapur Road; Kondapur Main Road,weekdays 2026-07-01..07-31,TomTom Traffic Stats job 10048181,measured,418,ok
Kothaguda,E HITEC City-Kondapur Road - out,13,474,474,25.2,67.76,52.09,0.95,1.81,Gachibowli Miyapur Road; Kondapur Main Road,weekdays 2026-07-01..07-31,TomTom Traffic Stats job 10048181,measured,418,ok
Kothaguda,E HITEC City-Kondapur Road - out,14,474,474,25.43,67.14,51.84,0.95,1.83,Gachibowli Miyapur Road; Kondapur Main Road,weekdays 2026-07-01..07-31,TomTom Traffic Stats job 10048181,measured,418,ok
Kothaguda,E HITEC City-Kondapur Road - out,15,474,474,19.31,88.42,55.99,1.25,3.18,Gachibowli Miyapur Road; Kondapur Main Road,weekdays 2026-07-01..07-31,TomTom Traffic Stats job 10048181,measured,418,ok
Kothaguda,E HITEC City-Kondapur Road - out,16,474,474,8.75,195.09,116.05,2.75,8.16,Gachibowli Miyapur Road; Kondapur Main Road,weekdays 2026-07-01..07-31,TomTom Traffic Stats job 10048181,measured,418,ok
Kothaguda,E HITEC City-Kondapur Road - out,17,474,474,4.51,378.91,278.29,5.34,14.26,Gachibowli Miyapur Road; Kondapur Main Road,weekdays 2026-07-01..07-31,TomTom Traffic Stats job 10048181,measured,418,ok
Kothaguda,E HITEC City-Kondapur Road - out,18,474,474,6.71,254.44,170.65,3.59,10.29,Gachibowli Miyapur Road; Kondapur Main Road,weekdays 2026-07-01..07-31,TomTom Traffic Stats job 10048181,measured,418,ok
Kothaguda,E HITEC City-Kondapur Road - out,19,474,474,7.96,214.34,130.43,3.02,9.14,Gachibowli Miyapur Road; Kondapur Main Road,weekdays 2026-07-01..07-31,TomTom Traffic Stats job 10048181,measured,418,ok
Kothaguda,E HITEC City-Kondapur Road - out,20,474,474,12.76,133.78,74.02,1.89,5.61,Gachibowli Miyapur Road; Kondapur Main Road,weekdays 2026-07-01..07-31,TomTom Traffic Stats job 10048181,measured,418,ok
Kothaguda,E HITEC City-Kondapur Road - out,21,474,474,21.22,80.45,58.83,1.13,2.1,Gachibowli Miyapur Road; Kondapur Main Road,weekdays 2026-07-01..07-31,TomTom Traffic Stats job 10048181,measured,418,ok
Kothaguda,E HITEC City-Kondapur Road - out,22,474,474,23.14,73.79,56.33,1.04,1.82,Gachibowli Miyapur Road; Kondapur Main Road,weekdays 2026-07-01..07-31,TomTom Traffic Stats job 10048181,measured,418,ok
Kothaguda,E HITEC City-Kondapur Road - out,23,474,474,23.1,73.89,54.7,1.04,1.83,Gachibowli Miyapur Road; Kondapur Main Road,weekdays 2026-07-01..07-31,TomTom Traffic Stats job 10048181,measured,418,ok
